{"IOPR_P": {"count": 23526421, "s": 1061.2783476302643, "m": 9.65755142639503}, "PV": {"count": 23526421, "s": 109.1720860217566, "m": 29.190016112380658}, "FPS": {"count": 23526421, "s": 132.75690341055514, "m": 103.40850395391632}, "AIT": {"count": 23526421, "s": 2.080774941414261, "m": 3.7352784537708086}, "PX": {"count": 23526421, "s": 1133.4132778982803, "m": 14.855278837354819}, "tuple_count": {"s": 624.4524862162634, "m": 51.095963391220494}, "TBT": {"count": 23526421, "s": 93444.79402563015, "m": 2222.655867970738}, "PPS": {"count": 23526421, "s": 3542.3517845846, "m": 440.7348165490328}, "Duration": {"count": 23526421, "s": 1.837084148776868, "m": 3.9986458503019464}, "IOPR_B": {"count": 23526421, "s": 63611.18919779838, "m": 727.7930957445275}, "src_dst_ratio": {"count": 23526421, "s": 578.8970356463684, "m": 6.636391635683584}, "APL": {"count": 23526421, "s": 129.68166012360783, "m": 61.82729028859976}, "BS": {"count": 23526421, "s": 909205.0832453436, "m": 62943.2718937386}, "NSP": {"count": 23526421, "s": 478.89847138507696, "m": 4.091341220154141}, "PSP": {"count": 23526421, "s": 0.28099339160294584, "m": 0.11051573012785823}, "DPL": {"count": 23526421, "s": 0.5954064593748354, "m": 0.25109853449406083}, "NNP": {"count": 23526421, "s": 1016.8928017736932, "m": 8.777960319591323}}