{"IOPR_P": {"count": 206188132, "s": 2.3311213902709773, "m": 1.4762731791468864}, "PV": {"count": 206188132, "s": 39.16630732862327, "m": 4.416555742354669}, "FPS": {"count": 206188132, "s": 62.88046377280051, "m": 85.47630541606536}, "AIT": {"count": 206188132, "s": 1.5296563695577752, "m": 4.050392602179342}, "PX": {"count": 206188132, "s": 9.412493984008613, "m": 1.6960729000639085}, "tuple_count": {"s": 9269.04345791957, "m": 447.483103393645}, "TBT": {"count": 206188132, "s": 11979.107292890147, "m": 246.40522059727473}, "PPS": {"count": 206188132, "s": 4191.737693676512, "m": 82.92315746461198}, "Duration": {"count": 206188132, "s": 1.2586398180150757, "m": 4.287154527452626}, "IOPR_B": {"count": 206188132, "s": 1621.1416288515268, "m": 119.244651537655}, "src_dst_ratio": {"count": 206188132, "s": 90666.9457698329, "m": 192436.6811403772}, "APL": {"count": 206188132, "s": 58.595067873987205, "m": 52.42881740788112}, "BS": {"count": 206188132, "s": 5669233.791644244, "m": 41603.48829197361}, "NSP": {"count": 206188132, "s": 1.1107910645828303, "m": 0.46673901677328355}, "PSP": {"count": 206188132, "s": 0.47302259013248665, "m": 0.3621227124265309}, "DPL": {"count": 206188132, "s": 43.31129876100895, "m": 43.54823796788679}, "NNP": {"count": 206188132, "s": 3.7007704176632696, "m": 0.10057854833274303}}