{"IOPR_P": {"count": 206188161, "s": 2.331121231748422, "m": 1.4762729715116747}, "PV": {"count": 206188161, "s": 39.16630460931121, "m": 4.416555121173964}, "FPS": {"count": 206188161, "s": 62.88046166369799, "m": 85.47629901990348}, "AIT": {"count": 206188161, "s": 1.5296560085280264, "m": 4.050393213264973}, "PX": {"count": 206188161, "s": 9.41249332863314, "m": 1.6960726615142563}, "tuple_count": {"s": 9269.04345695034, "m": 447.48316633136056}, "TBT": {"count": 206188161, "s": 11979.106450807654, "m": 246.40518594081647}, "PPS": {"count": 206188161, "s": 4191.737399017776, "m": 82.92314548108342}, "Duration": {"count": 206188161, "s": 1.2586393098322712, "m": 4.287155105212806}, "IOPR_B": {"count": 206188161, "s": 1621.1415153241715, "m": 119.24463476610563}, "src_dst_ratio": {"count": 206188161, "s": 90667.07794555409, "m": 192436.60229718525}, "APL": {"count": 206188161, "s": 58.59506705234641, "m": 52.428810033860735}, "BS": {"count": 206188161, "s": 5669233.392981915, "m": 41603.48242994233}, "NSP": {"count": 206188161, "s": 1.110791000259201, "m": 0.4667389511272667}, "PSP": {"count": 206188161, "s": 0.4730225763630679, "m": 0.3621226614946192}, "DPL": {"count": 206188161, "s": 43.31129879442416, "m": 43.548231842904926}, "NNP": {"count": 206188161, "s": 3.700770119596961, "m": 0.10057853418654818}}