{"IOPR_P": {"count": 205253800, "s": 0.19897932845144597, "m": 1.0147733984949343}, "PV": {"count": 205253800, "s": 39.24283268682669, "m": 4.43107017404805}, "APL": {"count": 205253800, "s": 57.82891012390729, "m": 52.32027991067725}, "AIT": {"count": 205253800, "s": 1.528141228571497, "m": 4.051139473812309}, "PX": {"count": 205253800, "s": 9.432736617616701, "m": 1.6969006615224664}, "TBT": {"count": 205253800, "s": 12004.738803307804, "m": 245.90252460612177}, "PPS": {"count": 205253800, "s": 1365.0099984323497, "m": 59.45690210929116}, "Duration": {"count": 205253800, "s": 1.2553249280573597, "m": 4.2889100681633385}, "IOPR_B": {"count": 205253800, "s": 1.164192628142994, "m": 1.1167641194462734}, "FPS": {"count": 205253800, "s": 62.17608511643127, "m": 85.3827754711484}, "BS": {"count": 205253800, "s": 325696.2089239296, "m": 8018.551174311549}, "NSP": {"count": 205253800, "s": 1.1126885628039465, "m": 0.46820392606616784}, "PSP": {"count": 205253800, "s": 0.4732945790378079, "m": 0.3631793927810622}, "DPL": {"count": 205253800, "s": 43.01030967778074, "m": 43.484901812439375}, "NNP": {"count": 205253800, "s": 3.709139296446355, "m": 0.10067966098557006}}