{"IOPR_P": {"count": 22958726, "s": 1074.318675555924, "m": 9.867113352735426}, "PV": {"count": 22958726, "s": 109.45105883892649, "m": 29.630618596761774}, "FPS": {"count": 22958726, "s": 132.18041270394514, "m": 102.78290729198127}, "AIT": {"count": 22958726, "s": 2.079555572948459, "m": 3.738593511781844}, "PX": {"count": 22958726, "s": 1147.3413718787933, "m": 15.224036211765409}, "tuple_count": {"s": 624.4404139885806, "m": 49.86182123023931}, "TBT": {"count": 22958726, "s": 94595.62077211232, "m": 2278.8325143564152}, "PPS": {"count": 22958726, "s": 2850.8877025253682, "m": 337.03313964495237}, "Duration": {"count": 22958726, "s": 1.8185928733553105, "m": 4.0163174068245615}, "IOPR_B": {"count": 22958726, "s": 64393.93642271953, "m": 745.8047605866794}, "src_dst_ratio": {"count": 22958726, "s": 987.7311471168935, "m": 8.287651487869109}, "APL": {"count": 22958726, "s": 129.3224736534909, "m": 61.39453232391644}, "BS": {"count": 22958726, "s": 908415.7436961496, "m": 56979.05970822792}, "NSP": {"count": 22958726, "s": 484.7827348112159, "m": 4.192617482346364}, "PSP": {"count": 22958726, "s": 0.2772905006185268, "m": 0.10852583336078231}, "DPL": {"count": 22958726, "s": 0.6614430908286189, "m": 0.2562743785018508}, "NNP": {"count": 22958726, "s": 1029.3896920123705, "m": 8.995011787674978}}